threshold,precision,recall,f1,flagged_rate
0.4557478096985004,0.47717842323651455,0.6845238095238095,0.5623471882640586,0.2828638497652582
