threshold,precision,recall,f1,flagged_rate
0.33729677636844524,0.38979118329466356,0.7962085308056872,0.5233644859813084,0.41522157996146436
